,0
0,-767.0
1,-893.0
2,-722.0
3,-758.0
4,-758.0
5,-857.0
6,-776.0
7,-812.0
8,-713.0
9,-785.0
10,-740.0
11,-812.0
12,-749.0
13,-641.0
14,-695.0
15,-659.0
16,-668.0
17,-848.0
18,-659.0
19,-569.0
20,-749.0
21,-749.0
22,-695.0
23,-740.0
24,-713.0
25,-668.0
26,-632.0
27,-695.0
28,-713.0
29,-614.0
30,-542.0
31,-731.0
32,-677.0
33,-632.0
34,-740.0
35,-668.0
36,-587.0
37,-623.0
38,-551.0
39,-641.0
40,-677.0
41,-740.0
42,-623.0
43,-632.0
44,-569.0
45,-524.0
46,-551.0
47,-587.0
48,-659.0
49,-668.0
50,-497.0
51,-713.0
52,-506.0
53,-632.0
54,-551.0
55,-402.0
56,-623.0
57,-569.0
58,-524.0
59,-560.0
60,-309.0
61,-560.0
62,-551.0
63,-587.0
64,-343.0
65,-542.0
66,-506.0
67,-461.0
68,-479.0
69,-470.0
70,-488.0
71,-524.0
72,-425.0
73,-524.0
74,-174.0
75,-578.0
76,-524.0
77,-452.0
78,-64.0
79,-515.0
80,-470.0
81,-542.0
82,-497.0
83,-371.0
84,-407.0
85,-515.0
86,-424.0
87,-389.0
88,-479.0
89,-156.0
90,-196.0
91,-461.0
92,-347.0
93,-191.0
94,-380.0
95,-524.0
96,-524.0
97,-452.0
98,-346.0
99,-34.0
100,-479.0
101,-470.0
102,-134.0
103,-389.0
104,-425.0
105,-425.0
106,-204.0
107,-434.0
108,-452.0
109,-371.0
110,-452.0
111,-297.0
112,-407.0
113,-407.0
114,-371.0
115,-425.0
116,-380.0
117,-59.0
118,-434.0
119,-285.0
120,-389.0
121,-371.0
122,-371.0
123,-362.0
124,-56.0
125,-215.0
126,-133.0
127,-326.0
128,-425.0
129,-398.0
130,-362.0
131,-380.0
132,-255.0
133,-192.0
134,-251.0
135,-344.0
136,-28.0
137,-344.0
138,-117.0
139,-389.0
140,-317.0
141,-344.0
142,-308.0
143,-326.0
144,-416.0
145,-344.0
146,-344.0
147,-344.0
148,-272.0
149,-80.0
150,-103.0
151,-310.0
152,-172.0
153,-362.0
154,-249.0
155,-93.0
156,-344.0
157,-317.0
158,-344.0
159,-116.0
160,-344.0
161,-51.0
162,-298.0
163,-308.0
164,-335.0
165,-290.0
166,-308.0
167,-252.0
168,-335.0
169,-126.0
170,-231.0
171,-326.0
172,-281.0
173,-344.0
174,-326.0
175,3.0
176,-75.0
177,-344.0
178,-76.0
179,-353.0
180,-140.0
181,-259.0
182,-241.0
183,-308.0
184,-106.0
185,-32.0
186,-218.0
187,-108.0
188,-279.0
189,-245.0
190,-326.0
191,-247.0
192,-145.0
193,-308.0
194,-161.0
195,-10.0
196,-317.0
197,-281.0
198,-58.0
199,-51.0
200,-124.0
201,-204.0
202,-272.0
203,-281.0
204,-281.0
205,-150.0
206,-272.0
207,-62.0
208,-281.0
209,-81.0
210,-263.0
211,-281.0
212,-272.0
213,-335.0
214,-49.0
215,-245.0
216,-299.0
217,-281.0
218,-14.0
219,-97.0
220,-308.0
221,-224.0
222,-61.0
223,-149.0
224,-16.0
225,-241.0
226,-81.0
227,-134.0
228,-131.0
229,-263.0
230,-222.0
231,-20.0
232,-263.0
233,-49.0
234,-281.0
235,-68.0
236,-110.0
237,-299.0
238,-180.0
239,-108.0
240,-32.0
241,-263.0
242,-172.0
243,-131.0
244,-80.0
245,-139.0
246,-263.0
247,-272.0
248,-272.0
249,-178.0
250,-71.0
251,-146.0
252,-236.0
253,-84.0
254,-223.0
255,-108.0
256,-245.0
257,-35.0
258,-97.0
259,-79.0
260,-245.0
261,-236.0
262,-151.0
263,-227.0
264,-218.0
265,-92.0
266,-263.0
267,-85.0
268,-230.0
269,-193.0
270,-100.0
271,-41.0
272,-141.0
273,8.0
274,-96.0
275,-148.0
276,-102.0
277,-263.0
278,-86.0
279,-245.0
280,-51.0
281,-106.0
282,-84.0
283,-236.0
284,-150.0
285,-92.0
286,-167.0
287,-245.0
288,-272.0
289,15.0
290,-113.0
291,-120.0
292,-200.0
293,-161.0
294,-78.0
295,-65.0
296,-103.0
297,-130.0
298,-237.0
299,-227.0
300,-140.0
301,-25.0
302,-99.0
303,-120.0
304,-254.0
305,-71.0
306,-6.0
307,-94.0
308,-91.0
309,-98.0
310,-32.0
311,-89.0
312,-77.0
313,-162.0
314,-196.0
315,-101.0
316,3.0
317,-77.0
318,-139.0
319,-236.0
320,-17.0
321,-134.0
322,-157.0
323,-245.0
324,-15.0
325,-111.0
326,3.0
327,-149.0
328,-10.0
329,13.0
330,-23.0
331,-91.0
332,-216.0
333,-254.0
334,-34.0
335,-218.0
336,-75.0
337,-74.0
338,-171.0
339,-227.0
340,-168.0
341,-94.0
342,-58.0
343,-84.0
344,-134.0
345,-165.0
346,-227.0
347,-2.0
348,-120.0
349,-92.0
350,-93.0
351,-150.0
352,-189.0
353,-187.0
354,-101.0
355,3.0
356,-94.0
357,-38.0
358,1.0
359,1.0
360,-67.0
361,-107.0
362,-102.0
363,-158.0
364,-36.0
365,-92.0
366,-125.0
367,-93.0
368,-131.0
369,-187.0
370,-218.0
371,-162.0
372,-37.0
373,-32.0
374,-105.0
375,-57.0
376,-73.0
377,-201.0
378,-16.0
379,-101.0
380,-102.0
381,-9.0
382,-67.0
383,14.0
384,-104.0
385,-11.0
386,15.0
387,-108.0
388,-151.0
389,-108.0
390,-95.0
391,-91.0
392,-155.0
393,-100.0
394,-218.0
395,-107.0
396,0.0
397,-63.0
398,-171.0
399,-109.0
400,-128.0
401,-130.0
402,-11.0
403,-120.0
404,-136.0
405,4.0
406,-19.0
407,-174.0
408,-19.0
409,15.0
410,-106.0
411,-175.0
412,-170.0
413,-3.0
414,-32.0
415,9.0
416,-82.0
417,-49.0
418,-17.0
419,-186.0
420,-91.0
421,-153.0
422,-129.0
423,-110.0
424,-66.0
425,-96.0
426,-105.0
427,-103.0
428,-175.0
429,-22.0
430,-17.0
431,-83.0
432,-66.0
433,-8.0
434,-31.0
435,-50.0
436,-16.0
437,-76.0
438,13.0
439,-139.0
440,-54.0
441,-66.0
442,-99.0
443,-146.0
444,-10.0
445,-9.0
446,10.0
447,-18.0
448,-91.0
449,-23.0
450,-18.0
451,5.0
452,-127.0
453,-139.0
454,-88.0
455,-90.0
456,14.0
457,-6.0
458,-78.0
459,-117.0
460,-122.0
461,-160.0
462,11.0
463,-125.0
464,14.0
465,-20.0
466,-186.0
467,-93.0
468,-4.0
469,-95.0
470,-67.0
471,-110.0
472,-40.0
473,-89.0
474,-68.0
475,-75.0
476,-15.0
477,9.0
478,-83.0
479,12.0
480,7.0
481,-75.0
482,-49.0
483,-4.0
484,-141.0
485,1.0
486,-113.0
487,-101.0
488,-53.0
489,-135.0
490,-18.0
491,-12.0
492,-22.0
493,11.0
494,-104.0
495,-9.0
496,-29.0
497,-47.0
498,-50.0
499,-56.0
500,-110.0
501,-88.0
502,9.0
503,-97.0
504,-50.0
505,-20.0
506,-54.0
507,13.0
508,-51.0
509,13.0
510,-93.0
511,-128.0
512,-65.0
513,1.0
514,-114.0
515,-101.0
516,-38.0
517,-11.0
518,-136.0
519,-109.0
520,-86.0
521,-21.0
522,-44.0
523,-179.0
524,-80.0
525,3.0
526,-18.0
527,-91.0
528,-63.0
529,-72.0
530,-58.0
531,-40.0
532,10.0
533,-15.0
534,-6.0
535,-122.0
536,-8.0
537,-101.0
538,-100.0
539,-51.0
540,-48.0
541,-20.0
542,-82.0
543,9.0
544,-22.0
545,-43.0
546,14.0
547,-104.0
548,-40.0
549,-112.0
550,-131.0
551,11.0
552,14.0
553,-86.0
554,-27.0
555,10.0
556,-16.0
557,-51.0
558,-45.0
559,1.0
560,-58.0
561,4.0
562,-18.0
563,-4.0
564,1.0
565,-35.0
566,-92.0
567,-58.0
568,-43.0
569,9.0
570,-21.0
571,8.0
572,8.0
573,-63.0
574,-89.0
575,-58.0
576,-40.0
577,-106.0
578,-28.0
579,-25.0
580,-23.0
581,-54.0
582,10.0
583,-49.0
584,-38.0
585,8.0
586,-57.0
587,8.0
588,-56.0
589,-28.0
590,13.0
591,-38.0
592,-36.0
593,14.0
594,-35.0
595,-83.0
596,12.0
597,-45.0
598,10.0
599,-40.0
600,12.0
601,-8.0
602,-53.0
603,10.0
604,14.0
605,-88.0
606,-41.0
607,-90.0
608,12.0
609,10.0
610,-134.0
611,9.0
612,-15.0
613,-6.0
614,7.0
615,12.0
616,-129.0
617,10.0
618,-37.0
619,-51.0
620,-35.0
621,9.0
622,-22.0
623,-4.0
624,-19.0
625,-49.0
626,-31.0
627,9.0
628,-56.0
629,-72.0
630,-16.0
631,-19.0
632,10.0
633,-63.0
634,-46.0
635,11.0
636,-23.0
637,-47.0
638,8.0
639,-101.0
640,-19.0
641,-36.0
642,-96.0
643,-13.0
644,8.0
645,-25.0
646,-70.0
647,-76.0
648,-22.0
649,-20.0
650,-38.0
651,-39.0
652,-47.0
653,3.0
654,-13.0
655,-58.0
656,6.0
657,8.0
658,-39.0
659,8.0
660,12.0
661,-27.0
662,-67.0
663,-8.0
664,-1.0
665,3.0
666,1.0
667,-47.0
668,-70.0
669,-14.0
670,-13.0
671,-7.0
672,-52.0
673,6.0
674,-14.0
675,3.0
676,-33.0
677,-57.0
678,11.0
679,-31.0
680,-7.0
681,10.0
682,-100.0
683,-10.0
684,-1.0
685,-38.0
686,9.0
687,-44.0
688,12.0
689,-39.0
690,-10.0
691,-60.0
692,5.0
693,-57.0
694,-35.0
695,-20.0
696,-48.0
697,7.0
698,12.0
699,-10.0
700,10.0
701,6.0
702,-106.0
703,3.0
704,-28.0
705,2.0
706,-70.0
707,0.0
708,-5.0
709,-23.0
710,11.0
711,-38.0
712,9.0
713,-32.0
714,-22.0
715,-71.0
716,-11.0
717,-23.0
718,3.0
719,-32.0
720,-53.0
721,-9.0
722,12.0
723,9.0
724,-82.0
725,-72.0
726,-25.0
727,-70.0
728,-6.0
729,-1.0
730,-25.0
731,-114.0
732,2.0
733,-27.0
734,-13.0
735,7.0
736,-26.0
737,-12.0
738,-17.0
739,-79.0
740,-22.0
741,9.0
742,-73.0
743,-10.0
744,-42.0
745,-25.0
746,-46.0
747,0.0
748,3.0
749,0.0
750,6.0
751,14.0
752,-6.0
753,11.0
754,8.0
755,-23.0
756,9.0
757,-61.0
758,-71.0
759,-31.0
760,-16.0
761,-20.0
762,-4.0
763,-33.0
764,13.0
765,-1.0
766,-43.0
767,7.0
768,14.0
769,12.0
770,1.0
771,-24.0
772,-21.0
773,-24.0
774,-8.0
775,12.0
776,-46.0
777,-105.0
778,-8.0
779,9.0
780,-53.0
781,-20.0
782,-30.0
783,4.0
784,8.0
785,-6.0
786,7.0
787,14.0
788,-39.0
789,5.0
790,-44.0
791,11.0
792,-81.0
793,-6.0
794,-34.0
795,1.0
796,-67.0
797,7.0
798,-67.0
799,-41.0
800,11.0
801,-16.0
802,12.0
803,0.0
804,-41.0
805,10.0
806,10.0
807,2.0
808,-20.0
809,-39.0
810,12.0
811,11.0
812,1.0
813,8.0
814,6.0
815,11.0
816,9.0
817,-71.0
818,2.0
819,-56.0
820,7.0
821,-14.0
822,6.0
823,-9.0
824,0.0
825,0.0
826,-17.0
827,9.0
828,0.0
829,1.0
830,-7.0
831,-42.0
832,5.0
833,12.0
834,-9.0
835,10.0
836,1.0
837,-7.0
838,3.0
839,9.0
840,-3.0
841,-17.0
842,-55.0
843,-55.0
844,10.0
845,-116.0
846,-22.0
847,-9.0
848,10.0
849,2.0
850,11.0
851,3.0
852,12.0
853,-50.0
854,-12.0
855,12.0
856,0.0
857,13.0
858,1.0
859,-11.0
860,3.0
861,2.0
862,11.0
863,-3.0
864,8.0
865,-19.0
866,0.0
867,-23.0
868,-2.0
869,-12.0
870,-15.0
871,9.0
872,4.0
873,-5.0
874,-2.0
875,5.0
876,-6.0
877,-58.0
878,14.0
879,-31.0
880,-38.0
881,1.0
882,6.0
883,0.0
884,-6.0
885,9.0
886,-7.0
887,13.0
888,-57.0
889,-56.0
890,9.0
891,-24.0
892,-8.0
893,-78.0
894,-4.0
895,2.0
896,-2.0
897,7.0
898,-18.0
899,7.0
900,-48.0
901,12.0
902,-15.0
903,-23.0
904,-38.0
905,11.0
906,-2.0
907,10.0
908,6.0
909,-24.0
910,12.0
911,10.0
912,10.0
913,10.0
914,-20.0
915,11.0
916,12.0
917,-10.0
918,1.0
919,13.0
920,3.0
921,-34.0
922,13.0
923,8.0
924,-31.0
925,-23.0
926,8.0
927,-19.0
928,-5.0
929,-30.0
930,12.0
931,-39.0
932,11.0
933,9.0
934,10.0
935,-11.0
936,8.0
937,7.0
938,7.0
939,4.0
940,4.0
941,10.0
942,0.0
943,9.0
944,-23.0
945,-9.0
946,7.0
947,-18.0
948,-5.0
949,-29.0
950,4.0
951,-7.0
952,-50.0
953,11.0
954,-45.0
955,3.0
956,2.0
957,2.0
958,7.0
959,-25.0
960,10.0
961,-17.0
962,7.0
963,10.0
964,12.0
965,-28.0
966,9.0
967,-5.0
968,1.0
969,-8.0
970,8.0
971,-13.0
972,5.0
973,3.0
974,-49.0
975,-32.0
976,10.0
977,11.0
978,-31.0
979,5.0
980,-41.0
981,-65.0
982,7.0
983,-17.0
984,-7.0
985,-1.0
986,-9.0
987,-2.0
988,10.0
989,7.0
990,-51.0
991,-8.0
992,10.0
993,10.0
994,2.0
995,10.0
996,-49.0
997,-5.0
998,-5.0
999,12.0
1000,-6.0
1001,11.0
1002,7.0
1003,11.0
1004,4.0
1005,-62.0
1006,11.0
1007,10.0
1008,5.0
1009,-3.0
1010,10.0
1011,1.0
1012,4.0
1013,-14.0
1014,8.0
1015,-7.0
1016,10.0
1017,12.0
1018,1.0
1019,3.0
1020,-8.0
1021,9.0
1022,9.0
1023,7.0
1024,-4.0
1025,9.0
1026,9.0
1027,-1.0
1028,-8.0
1029,1.0
1030,-1.0
1031,9.0
1032,10.0
1033,1.0
1034,10.0
1035,10.0
1036,0.0
1037,-15.0
1038,5.0
1039,3.0
1040,1.0
1041,8.0
1042,11.0
1043,3.0
1044,-41.0
1045,10.0
1046,-22.0
1047,11.0
1048,6.0
1049,7.0
1050,9.0
1051,15.0
1052,9.0
1053,8.0
1054,13.0
1055,-35.0
1056,4.0
1057,11.0
1058,14.0
1059,-5.0
1060,12.0
1061,-5.0
1062,1.0
1063,-13.0
1064,-2.0
1065,12.0
1066,14.0
1067,3.0
1068,-53.0
1069,-28.0
1070,-3.0
1071,8.0
1072,-3.0
1073,11.0
1074,9.0
1075,12.0
1076,8.0
1077,11.0
1078,-5.0
1079,5.0
1080,9.0
1081,9.0
1082,10.0
1083,11.0
1084,11.0
1085,6.0
1086,2.0
1087,11.0
1088,6.0
1089,10.0
1090,5.0
1091,13.0
1092,5.0
1093,8.0
1094,9.0
1095,8.0
1096,7.0
1097,10.0
1098,10.0
1099,9.0
1100,8.0
1101,11.0
1102,11.0
1103,-68.0
1104,10.0
1105,7.0
1106,-44.0
1107,-3.0
1108,6.0
1109,-10.0
1110,8.0
1111,6.0
1112,10.0
1113,9.0
1114,-5.0
1115,-31.0
1116,11.0
1117,8.0
1118,12.0
1119,-7.0
1120,11.0
1121,-21.0
1122,9.0
1123,12.0
1124,2.0
1125,-16.0
1126,-11.0
1127,-3.0
1128,-6.0
1129,-24.0
1130,-51.0
1131,8.0
1132,-5.0
1133,7.0
1134,4.0
1135,7.0
1136,5.0
1137,0.0
1138,9.0
1139,-4.0
1140,8.0
1141,2.0
1142,13.0
1143,13.0
1144,12.0
1145,5.0
1146,4.0
1147,6.0
1148,9.0
1149,9.0
1150,12.0
1151,1.0
1152,7.0
1153,8.0
1154,-8.0
1155,8.0
1156,9.0
1157,9.0
1158,9.0
1159,6.0
1160,-2.0
1161,11.0
1162,12.0
1163,-3.0
1164,6.0
1165,-9.0
1166,-11.0
1167,9.0
1168,6.0
1169,2.0
1170,1.0
1171,8.0
1172,0.0
1173,10.0
1174,9.0
1175,-9.0
1176,-57.0
1177,14.0
1178,7.0
1179,5.0
1180,11.0
1181,7.0
1182,9.0
1183,10.0
1184,4.0
1185,-21.0
1186,-44.0
1187,6.0
1188,-2.0
1189,-11.0
1190,6.0
1191,12.0
1192,2.0
1193,-13.0
1194,-5.0
1195,-4.0
1196,-8.0
1197,15.0
1198,-2.0
1199,-2.0
1200,-8.0
1201,8.0
1202,3.0
1203,1.0
1204,6.0
1205,9.0
1206,3.0
1207,1.0
1208,9.0
1209,12.0
1210,9.0
1211,11.0
1212,14.0
1213,9.0
1214,11.0
1215,9.0
1216,1.0
1217,9.0
1218,-3.0
1219,11.0
1220,11.0
1221,12.0
1222,8.0
1223,-17.0
1224,8.0
1225,4.0
1226,6.0
1227,8.0
1228,10.0
1229,9.0
1230,6.0
1231,9.0
1232,13.0
1233,7.0
1234,6.0
1235,9.0
1236,10.0
1237,4.0
1238,9.0
1239,12.0
1240,9.0
1241,6.0
1242,6.0
1243,-34.0
1244,10.0
1245,10.0
1246,15.0
1247,-8.0
1248,9.0
1249,5.0
1250,-14.0
1251,-7.0
1252,7.0
1253,-4.0
1254,9.0
1255,-1.0
1256,8.0
1257,6.0
1258,9.0
1259,-30.0
1260,6.0
1261,4.0
1262,11.0
1263,4.0
1264,10.0
1265,-1.0
1266,8.0
1267,-32.0
1268,10.0
1269,10.0
1270,-2.0
1271,-8.0
1272,-3.0
1273,5.0
1274,9.0
1275,8.0
1276,8.0
1277,-13.0
1278,4.0
1279,9.0
1280,8.0
1281,9.0
1282,12.0
1283,-10.0
1284,3.0
1285,10.0
1286,13.0
1287,6.0
1288,5.0
1289,14.0
1290,-21.0
1291,-7.0
1292,-27.0
1293,14.0
1294,4.0
1295,10.0
1296,14.0
1297,1.0
1298,15.0
1299,6.0
1300,1.0
1301,13.0
1302,0.0
1303,-1.0
1304,13.0
1305,9.0
1306,10.0
1307,5.0
1308,9.0
1309,5.0
1310,10.0
1311,8.0
1312,11.0
1313,-7.0
1314,13.0
1315,10.0
1316,-36.0
1317,-1.0
1318,5.0
1319,6.0
1320,-1.0
1321,12.0
1322,-20.0
1323,8.0
1324,10.0
1325,8.0
1326,5.0
1327,14.0
1328,8.0
1329,-43.0
1330,12.0
1331,7.0
1332,2.0
1333,7.0
1334,-3.0
1335,11.0
1336,13.0
1337,8.0
1338,8.0
1339,9.0
1340,-4.0
1341,7.0
1342,5.0
1343,11.0
1344,10.0
1345,7.0
1346,-7.0
1347,10.0
1348,-2.0
1349,7.0
1350,12.0
1351,11.0
1352,11.0
1353,9.0
1354,12.0
1355,1.0
1356,8.0
1357,6.0
1358,1.0
1359,7.0
1360,11.0
1361,-10.0
1362,-24.0
1363,6.0
1364,9.0
1365,13.0
1366,8.0
1367,13.0
1368,9.0
1369,-3.0
1370,9.0
1371,5.0
1372,10.0
1373,3.0
1374,5.0
1375,11.0
1376,10.0
1377,5.0
1378,8.0
1379,10.0
1380,4.0
1381,6.0
1382,6.0
1383,8.0
1384,1.0
1385,11.0
1386,9.0
1387,9.0
1388,4.0
1389,8.0
1390,4.0
1391,-14.0
1392,6.0
1393,3.0
1394,3.0
1395,9.0
1396,6.0
1397,6.0
1398,6.0
1399,-9.0
1400,8.0
1401,2.0
1402,2.0
1403,12.0
1404,15.0
1405,7.0
1406,6.0
1407,9.0
1408,-4.0
1409,9.0
1410,5.0
1411,-5.0
1412,12.0
1413,2.0
1414,5.0
1415,9.0
1416,8.0
1417,13.0
1418,11.0
1419,8.0
1420,-14.0
1421,9.0
1422,10.0
1423,4.0
1424,6.0
1425,4.0
1426,4.0
1427,15.0
1428,5.0
1429,4.0
1430,7.0
1431,8.0
1432,-2.0
1433,8.0
1434,0.0
1435,9.0
1436,6.0
1437,1.0
1438,8.0
1439,11.0
1440,1.0
1441,5.0
1442,11.0
1443,9.0
1444,13.0
1445,3.0
1446,5.0
1447,6.0
1448,14.0
1449,-24.0
1450,10.0
1451,11.0
1452,1.0
1453,3.0
1454,4.0
1455,9.0
1456,9.0
1457,11.0
1458,-1.0
1459,6.0
1460,-2.0
1461,4.0
1462,9.0
1463,-2.0
1464,14.0
1465,6.0
1466,5.0
1467,0.0
1468,5.0
1469,-23.0
1470,9.0
1471,4.0
1472,5.0
1473,8.0
1474,-12.0
1475,9.0
1476,8.0
1477,5.0
1478,9.0
1479,12.0
1480,9.0
1481,7.0
1482,5.0
1483,9.0
1484,14.0
1485,8.0
1486,4.0
1487,11.0
1488,-14.0
1489,5.0
1490,12.0
1491,8.0
1492,-5.0
1493,10.0
1494,8.0
1495,9.0
1496,7.0
1497,10.0
1498,5.0
1499,-1.0
1500,-8.0
1501,5.0
1502,10.0
1503,10.0
1504,6.0
1505,3.0
1506,-11.0
1507,-13.0
1508,11.0
1509,2.0
1510,9.0
1511,11.0
1512,-3.0
1513,10.0
1514,1.0
1515,5.0
1516,-16.0
1517,10.0
1518,10.0
1519,9.0
1520,7.0
1521,11.0
1522,8.0
1523,2.0
1524,-2.0
1525,10.0
1526,11.0
1527,8.0
1528,6.0
1529,8.0
1530,11.0
1531,0.0
1532,7.0
1533,5.0
1534,5.0
1535,10.0
1536,9.0
1537,12.0
1538,-2.0
1539,11.0
1540,-4.0
1541,10.0
1542,-3.0
1543,4.0
1544,7.0
1545,-6.0
1546,8.0
1547,-4.0
1548,11.0
1549,5.0
1550,8.0
1551,10.0
1552,-3.0
1553,11.0
1554,9.0
1555,8.0
1556,2.0
1557,10.0
1558,2.0
1559,4.0
1560,5.0
1561,-6.0
1562,6.0
1563,6.0
1564,5.0
1565,8.0
1566,11.0
1567,10.0
1568,7.0
1569,2.0
1570,11.0
1571,10.0
1572,5.0
1573,13.0
1574,13.0
1575,9.0
1576,6.0
1577,10.0
1578,4.0
1579,-2.0
1580,1.0
1581,-6.0
1582,12.0
1583,10.0
1584,2.0
1585,10.0
1586,6.0
1587,9.0
1588,1.0
1589,-23.0
1590,7.0
1591,7.0
1592,6.0
1593,-4.0
1594,5.0
1595,8.0
1596,6.0
1597,12.0
1598,5.0
1599,3.0
1600,10.0
1601,15.0
1602,11.0
1603,10.0
1604,9.0
1605,12.0
1606,10.0
1607,4.0
1608,8.0
1609,7.0
1610,5.0
1611,6.0
1612,11.0
1613,5.0
1614,9.0
1615,6.0
1616,9.0
1617,11.0
1618,7.0
1619,11.0
1620,8.0
1621,9.0
1622,10.0
1623,8.0
1624,8.0
1625,7.0
1626,9.0
1627,6.0
1628,9.0
1629,8.0
1630,11.0
1631,9.0
1632,-13.0
1633,10.0
1634,-4.0
1635,2.0
1636,9.0
1637,3.0
1638,14.0
1639,8.0
1640,7.0
1641,7.0
1642,6.0
1643,13.0
1644,7.0
1645,-4.0
1646,-4.0
1647,11.0
1648,5.0
1649,10.0
1650,-3.0
1651,9.0
1652,8.0
1653,-7.0
1654,10.0
1655,11.0
1656,7.0
1657,11.0
1658,1.0
1659,7.0
1660,5.0
1661,3.0
1662,6.0
1663,6.0
1664,11.0
1665,10.0
1666,11.0
1667,11.0
1668,7.0
1669,10.0
1670,6.0
1671,10.0
1672,12.0
1673,11.0
1674,3.0
1675,-1.0
1676,7.0
1677,9.0
1678,-1.0
1679,-6.0
1680,3.0
1681,12.0
1682,6.0
1683,4.0
1684,9.0
1685,7.0
1686,8.0
1687,4.0
1688,8.0
1689,14.0
1690,7.0
1691,9.0
1692,11.0
1693,10.0
1694,7.0
1695,9.0
1696,7.0
1697,8.0
1698,8.0
1699,14.0
1700,6.0
1701,9.0
1702,5.0
1703,10.0
1704,-2.0
1705,1.0
1706,6.0
1707,10.0
1708,6.0
1709,2.0
1710,8.0
1711,6.0
1712,8.0
1713,10.0
1714,13.0
1715,0.0
1716,8.0
1717,1.0
1718,5.0
1719,0.0
1720,8.0
1721,6.0
1722,9.0
1723,6.0
1724,9.0
1725,-4.0
1726,7.0
1727,9.0
1728,7.0
1729,9.0
1730,12.0
1731,3.0
1732,6.0
1733,7.0
1734,6.0
1735,9.0
1736,12.0
1737,5.0
1738,6.0
1739,5.0
1740,4.0
1741,5.0
1742,6.0
1743,7.0
1744,7.0
1745,9.0
1746,5.0
1747,9.0
1748,11.0
1749,8.0
1750,6.0
1751,-1.0
1752,5.0
1753,9.0
1754,11.0
1755,13.0
1756,7.0
1757,7.0
1758,6.0
1759,8.0
1760,4.0
1761,11.0
1762,5.0
1763,12.0
1764,8.0
1765,9.0
1766,7.0
1767,4.0
1768,2.0
1769,-7.0
1770,3.0
1771,9.0
1772,-6.0
1773,5.0
1774,9.0
1775,5.0
1776,7.0
1777,6.0
1778,10.0
1779,8.0
1780,10.0
1781,10.0
1782,7.0
1783,0.0
1784,7.0
1785,12.0
1786,9.0
1787,11.0
1788,9.0
1789,6.0
1790,6.0
1791,8.0
1792,8.0
1793,10.0
1794,12.0
1795,11.0
1796,7.0
1797,13.0
1798,7.0
1799,10.0
1800,11.0
1801,7.0
1802,6.0
1803,10.0
1804,5.0
1805,9.0
1806,9.0
1807,8.0
1808,6.0
1809,10.0
1810,7.0
1811,8.0
1812,6.0
1813,-2.0
1814,6.0
1815,4.0
1816,-4.0
1817,6.0
1818,7.0
1819,8.0
1820,10.0
1821,8.0
1822,-1.0
1823,5.0
1824,12.0
1825,-4.0
1826,9.0
1827,9.0
1828,11.0
1829,11.0
1830,8.0
1831,3.0
1832,4.0
1833,6.0
1834,9.0
1835,5.0
1836,10.0
1837,9.0
1838,-4.0
1839,5.0
1840,14.0
1841,-3.0
1842,5.0
1843,6.0
1844,4.0
1845,7.0
1846,6.0
1847,7.0
1848,8.0
1849,6.0
1850,5.0
1851,6.0
1852,8.0
1853,8.0
1854,11.0
1855,6.0
1856,5.0
1857,8.0
1858,3.0
1859,9.0
1860,10.0
1861,10.0
1862,0.0
1863,12.0
1864,13.0
1865,10.0
1866,7.0
1867,10.0
1868,2.0
1869,9.0
1870,9.0
1871,0.0
1872,8.0
1873,7.0
1874,3.0
1875,3.0
1876,10.0
1877,0.0
1878,-13.0
1879,11.0
1880,4.0
1881,8.0
1882,-3.0
1883,13.0
1884,7.0
1885,6.0
1886,3.0
1887,7.0
1888,8.0
1889,5.0
1890,7.0
1891,5.0
1892,5.0
1893,13.0
1894,5.0
1895,13.0
1896,7.0
1897,8.0
1898,7.0
1899,1.0
1900,7.0
1901,2.0
1902,3.0
1903,11.0
1904,3.0
1905,7.0
1906,5.0
1907,15.0
1908,6.0
1909,2.0
1910,10.0
1911,10.0
1912,10.0
1913,9.0
1914,7.0
1915,8.0
1916,7.0
1917,7.0
1918,9.0
1919,12.0
1920,9.0
1921,11.0
1922,12.0
1923,8.0
1924,14.0
1925,14.0
1926,10.0
1927,8.0
1928,-3.0
1929,4.0
1930,9.0
1931,13.0
1932,14.0
1933,8.0
1934,7.0
1935,10.0
1936,9.0
1937,1.0
1938,11.0
1939,8.0
1940,4.0
1941,5.0
1942,11.0
1943,10.0
1944,12.0
1945,7.0
1946,7.0
1947,8.0
1948,5.0
1949,7.0
1950,9.0
1951,-4.0
1952,7.0
1953,13.0
1954,3.0
1955,5.0
1956,9.0
1957,4.0
1958,8.0
1959,5.0
1960,6.0
1961,5.0
1962,12.0
1963,10.0
1964,8.0
1965,11.0
1966,10.0
1967,12.0
1968,7.0
1969,8.0
1970,7.0
1971,10.0
1972,8.0
1973,4.0
1974,10.0
1975,10.0
1976,6.0
1977,10.0
1978,8.0
1979,-4.0
1980,6.0
1981,3.0
1982,8.0
1983,4.0
1984,11.0
1985,5.0
1986,6.0
1987,8.0
1988,-1.0
1989,8.0
1990,-3.0
1991,8.0
1992,6.0
1993,8.0
1994,13.0
1995,5.0
1996,14.0
1997,9.0
1998,6.0
1999,15.0
2000,6.0
2001,8.0
2002,11.0
2003,8.0
2004,8.0
2005,9.0
2006,11.0
2007,9.0
2008,5.0
2009,9.0
2010,9.0
2011,9.0
2012,4.0
2013,11.0
2014,8.0
2015,6.0
2016,8.0
2017,11.0
2018,9.0
2019,5.0
2020,10.0
2021,6.0
2022,3.0
2023,7.0
2024,11.0
2025,6.0
2026,12.0
2027,10.0
2028,8.0
2029,6.0
2030,6.0
2031,8.0
2032,5.0
2033,3.0
2034,9.0
2035,6.0
2036,6.0
2037,11.0
2038,5.0
2039,-1.0
2040,4.0
2041,9.0
2042,4.0
2043,1.0
2044,7.0
2045,7.0
2046,7.0
2047,8.0
2048,7.0
2049,-2.0
2050,13.0
2051,6.0
2052,13.0
2053,11.0
2054,11.0
2055,6.0
2056,10.0
2057,5.0
2058,-8.0
2059,8.0
2060,7.0
2061,6.0
2062,6.0
2063,8.0
2064,7.0
2065,8.0
2066,5.0
2067,15.0
2068,8.0
2069,2.0
2070,14.0
2071,10.0
2072,4.0
2073,6.0
2074,9.0
2075,14.0
2076,8.0
2077,2.0
2078,5.0
2079,3.0
2080,8.0
2081,-15.0
2082,6.0
2083,7.0
2084,8.0
2085,3.0
2086,12.0
2087,-3.0
2088,3.0
2089,10.0
2090,5.0
2091,9.0
2092,11.0
2093,2.0
2094,12.0
2095,9.0
2096,4.0
2097,10.0
2098,8.0
2099,2.0
2100,10.0
2101,7.0
2102,12.0
2103,9.0
2104,4.0
2105,9.0
2106,12.0
2107,8.0
2108,8.0
2109,6.0
2110,10.0
2111,7.0
2112,9.0
2113,6.0
2114,12.0
2115,8.0
2116,-1.0
2117,11.0
2118,2.0
2119,15.0
2120,5.0
2121,9.0
2122,8.0
2123,9.0
2124,8.0
2125,7.0
2126,11.0
2127,4.0
2128,-3.0
2129,7.0
2130,5.0
2131,8.0
2132,6.0
2133,6.0
2134,6.0
2135,6.0
2136,8.0
2137,7.0
2138,11.0
2139,10.0
2140,8.0
2141,9.0
2142,12.0
2143,4.0
2144,11.0
2145,9.0
2146,11.0
2147,6.0
2148,6.0
2149,14.0
2150,11.0
2151,10.0
2152,6.0
2153,8.0
2154,11.0
2155,7.0
2156,9.0
2157,5.0
2158,-2.0
2159,7.0
2160,8.0
2161,13.0
2162,11.0
2163,1.0
2164,5.0
2165,13.0
2166,5.0
2167,8.0
2168,8.0
2169,9.0
2170,10.0
2171,6.0
2172,4.0
2173,7.0
2174,7.0
2175,9.0
2176,4.0
2177,8.0
2178,14.0
2179,5.0
2180,6.0
2181,4.0
2182,13.0
2183,8.0
2184,7.0
2185,6.0
2186,13.0
2187,12.0
2188,12.0
2189,11.0
2190,8.0
2191,6.0
2192,6.0
2193,10.0
2194,8.0
2195,5.0
2196,9.0
2197,7.0
2198,7.0
2199,11.0
2200,7.0
2201,7.0
2202,5.0
2203,3.0
2204,6.0
2205,8.0
2206,0.0
2207,8.0
2208,7.0
2209,13.0
2210,3.0
2211,7.0
2212,6.0
2213,9.0
2214,5.0
2215,-10.0
2216,6.0
2217,11.0
2218,13.0
2219,7.0
2220,9.0
2221,6.0
2222,7.0
2223,9.0
2224,8.0
2225,7.0
2226,9.0
2227,4.0
2228,5.0
2229,5.0
2230,13.0
2231,10.0
2232,8.0
2233,11.0
2234,8.0
2235,5.0
2236,4.0
2237,9.0
2238,6.0
2239,8.0
2240,12.0
2241,8.0
2242,7.0
2243,7.0
2244,10.0
2245,8.0
2246,10.0
2247,7.0
2248,7.0
2249,4.0
2250,5.0
2251,9.0
2252,8.0
2253,11.0
2254,7.0
2255,10.0
2256,9.0
2257,9.0
2258,9.0
2259,9.0
2260,2.0
2261,9.0
2262,10.0
2263,8.0
2264,0.0
2265,6.0
2266,4.0
2267,11.0
2268,7.0
2269,8.0
2270,9.0
2271,7.0
2272,9.0
2273,9.0
2274,6.0
2275,8.0
2276,11.0
2277,10.0
2278,7.0
2279,10.0
2280,9.0
2281,7.0
2282,14.0
2283,9.0
2284,9.0
2285,8.0
2286,14.0
2287,4.0
2288,4.0
2289,2.0
2290,-2.0
2291,13.0
2292,11.0
2293,11.0
2294,8.0
2295,4.0
2296,7.0
2297,6.0
2298,10.0
2299,7.0
2300,5.0
2301,1.0
2302,10.0
2303,7.0
2304,10.0
2305,10.0
2306,8.0
2307,7.0
2308,9.0
2309,5.0
2310,7.0
2311,5.0
2312,6.0
2313,12.0
2314,3.0
2315,6.0
2316,10.0
2317,8.0
2318,5.0
2319,7.0
2320,8.0
2321,9.0
2322,8.0
2323,9.0
2324,7.0
2325,-4.0
2326,9.0
2327,7.0
2328,4.0
2329,6.0
2330,7.0
2331,5.0
2332,-5.0
2333,4.0
2334,10.0
2335,4.0
2336,6.0
2337,6.0
2338,5.0
2339,8.0
2340,6.0
2341,9.0
2342,8.0
2343,4.0
2344,7.0
2345,11.0
2346,12.0
2347,6.0
2348,9.0
2349,9.0
2350,2.0
2351,8.0
2352,8.0
2353,9.0
2354,8.0
2355,6.0
2356,6.0
2357,7.0
2358,4.0
2359,4.0
2360,13.0
2361,5.0
2362,8.0
2363,9.0
2364,5.0
2365,10.0
2366,-7.0
2367,6.0
2368,5.0
2369,4.0
2370,9.0
2371,9.0
2372,6.0
2373,-10.0
2374,5.0
2375,4.0
2376,7.0
2377,4.0
2378,11.0
2379,3.0
2380,10.0
2381,11.0
2382,8.0
2383,11.0
2384,5.0
2385,8.0
2386,5.0
2387,5.0
2388,-2.0
2389,8.0
2390,-3.0
2391,5.0
2392,8.0
2393,8.0
2394,-10.0
2395,8.0
2396,5.0
2397,11.0
2398,8.0
2399,8.0
2400,12.0
2401,14.0
2402,9.0
2403,10.0
2404,5.0
2405,12.0
2406,9.0
2407,5.0
2408,7.0
2409,2.0
2410,11.0
2411,6.0
2412,10.0
2413,12.0
2414,-4.0
2415,13.0
2416,5.0
2417,4.0
2418,9.0
2419,8.0
2420,3.0
2421,-5.0
2422,-4.0
2423,8.0
2424,11.0
2425,6.0
2426,11.0
2427,7.0
2428,-2.0
2429,11.0
2430,7.0
2431,10.0
2432,9.0
2433,11.0
2434,11.0
2435,7.0
2436,8.0
2437,12.0
2438,6.0
2439,10.0
2440,6.0
2441,6.0
2442,3.0
2443,7.0
2444,10.0
2445,8.0
2446,3.0
2447,7.0
2448,5.0
2449,8.0
2450,9.0
2451,8.0
2452,12.0
2453,5.0
2454,9.0
2455,9.0
2456,11.0
2457,7.0
2458,3.0
2459,6.0
2460,-9.0
2461,10.0
2462,4.0
2463,9.0
2464,9.0
2465,10.0
2466,5.0
2467,11.0
2468,8.0
2469,10.0
2470,11.0
2471,8.0
2472,11.0
2473,-8.0
2474,5.0
2475,5.0
2476,5.0
2477,7.0
2478,10.0
2479,8.0
2480,9.0
2481,10.0
2482,12.0
2483,8.0
2484,11.0
2485,11.0
2486,8.0
2487,8.0
2488,11.0
2489,-1.0
2490,2.0
2491,9.0
2492,5.0
2493,4.0
2494,8.0
2495,-3.0
2496,9.0
2497,7.0
2498,8.0
2499,10.0
2500,10.0
2501,11.0
2502,-2.0
2503,8.0
2504,10.0
2505,4.0
2506,12.0
2507,7.0
2508,5.0
2509,4.0
2510,13.0
2511,-3.0
2512,8.0
2513,8.0
2514,9.0
2515,8.0
2516,5.0
2517,4.0
2518,5.0
2519,8.0
2520,6.0
2521,7.0
2522,4.0
2523,10.0
2524,8.0
2525,6.0
2526,11.0
2527,6.0
2528,6.0
2529,5.0
2530,5.0
2531,7.0
2532,7.0
2533,12.0
2534,1.0
2535,11.0
2536,-8.0
2537,15.0
2538,10.0
2539,9.0
2540,9.0
2541,4.0
2542,10.0
2543,11.0
2544,5.0
2545,11.0
2546,11.0
2547,12.0
2548,6.0
2549,11.0
2550,8.0
2551,7.0
2552,9.0
2553,7.0
2554,5.0
2555,6.0
2556,-5.0
2557,8.0
2558,4.0
2559,5.0
2560,7.0
2561,7.0
2562,4.0
2563,12.0
2564,8.0
2565,9.0
2566,6.0
2567,5.0
2568,11.0
2569,8.0
2570,5.0
2571,9.0
2572,10.0
2573,6.0
2574,9.0
2575,6.0
2576,8.0
2577,5.0
2578,5.0
2579,8.0
2580,5.0
2581,-2.0
2582,10.0
2583,3.0
2584,6.0
2585,9.0
2586,15.0
2587,8.0
2588,11.0
2589,5.0
2590,6.0
2591,10.0
2592,8.0
2593,7.0
2594,4.0
2595,7.0
2596,12.0
2597,11.0
2598,7.0
2599,8.0
2600,9.0
2601,8.0
2602,10.0
2603,12.0
2604,10.0
2605,8.0
2606,14.0
2607,7.0
2608,10.0
2609,10.0
2610,6.0
2611,4.0
2612,10.0
2613,11.0
2614,9.0
2615,7.0
2616,4.0
2617,11.0
2618,10.0
2619,7.0
2620,6.0
2621,8.0
2622,6.0
2623,12.0
2624,-6.0
2625,10.0
2626,6.0
2627,9.0
2628,7.0
2629,10.0
2630,7.0
2631,8.0
2632,3.0
2633,6.0
2634,14.0
2635,8.0
2636,8.0
2637,9.0
2638,8.0
2639,10.0
2640,4.0
2641,4.0
2642,10.0
2643,7.0
2644,8.0
2645,9.0
2646,9.0
2647,14.0
2648,7.0
2649,9.0
2650,9.0
2651,3.0
2652,14.0
2653,5.0
2654,14.0
2655,5.0
2656,3.0
2657,9.0
2658,7.0
2659,7.0
2660,6.0
2661,7.0
2662,6.0
2663,6.0
2664,10.0
2665,8.0
2666,-2.0
2667,10.0
2668,8.0
2669,5.0
2670,12.0
2671,6.0
2672,4.0
2673,7.0
2674,-2.0
2675,7.0
2676,6.0
2677,8.0
2678,7.0
2679,5.0
2680,9.0
2681,6.0
2682,4.0
2683,7.0
2684,7.0
2685,5.0
2686,11.0
2687,12.0
2688,9.0
2689,10.0
2690,10.0
2691,10.0
2692,7.0
2693,4.0
2694,7.0
2695,6.0
2696,7.0
2697,15.0
2698,10.0
2699,9.0
2700,5.0
2701,13.0
2702,1.0
2703,10.0
2704,7.0
2705,11.0
2706,8.0
2707,8.0
2708,9.0
2709,11.0
2710,10.0
2711,13.0
2712,10.0
2713,6.0
2714,10.0
2715,14.0
2716,15.0
2717,9.0
2718,8.0
2719,8.0
2720,6.0
2721,6.0
2722,12.0
2723,3.0
2724,6.0
2725,11.0
2726,6.0
2727,11.0
2728,9.0
2729,7.0
2730,9.0
2731,3.0
2732,9.0
2733,7.0
2734,5.0
2735,9.0
2736,9.0
2737,1.0
2738,10.0
2739,6.0
2740,4.0
2741,8.0
2742,7.0
2743,12.0
2744,10.0
2745,6.0
2746,13.0
2747,7.0
2748,11.0
2749,7.0
2750,10.0
2751,5.0
2752,-6.0
2753,8.0
2754,12.0
2755,4.0
2756,11.0
2757,7.0
2758,8.0
2759,13.0
2760,6.0
2761,13.0
2762,8.0
2763,7.0
2764,13.0
2765,8.0
2766,4.0
2767,6.0
2768,11.0
2769,2.0
2770,5.0
2771,8.0
2772,12.0
2773,5.0
2774,11.0
2775,6.0
2776,7.0
2777,-16.0
2778,3.0
2779,5.0
2780,6.0
2781,12.0
2782,6.0
2783,5.0
2784,13.0
2785,5.0
2786,5.0
2787,11.0
2788,9.0
2789,8.0
2790,13.0
2791,8.0
2792,8.0
2793,8.0
2794,7.0
2795,8.0
2796,6.0
2797,7.0
2798,5.0
2799,12.0
2800,13.0
2801,11.0
2802,9.0
2803,4.0
2804,11.0
2805,5.0
2806,7.0
2807,6.0
2808,6.0
2809,7.0
2810,7.0
2811,12.0
2812,9.0
2813,7.0
2814,8.0
2815,5.0
2816,11.0
2817,7.0
2818,1.0
2819,4.0
2820,7.0
2821,6.0
2822,5.0
2823,10.0
2824,5.0
2825,11.0
2826,7.0
2827,5.0
2828,6.0
2829,-2.0
2830,10.0
2831,5.0
2832,7.0
2833,11.0
2834,2.0
2835,8.0
2836,8.0
2837,6.0
2838,8.0
2839,8.0
2840,4.0
2841,6.0
2842,7.0
2843,8.0
2844,13.0
2845,6.0
2846,7.0
2847,7.0
2848,6.0
2849,8.0
2850,5.0
2851,4.0
2852,7.0
2853,8.0
2854,8.0
2855,6.0
2856,15.0
2857,6.0
2858,6.0
2859,10.0
2860,5.0
2861,10.0
2862,3.0
2863,8.0
2864,9.0
2865,11.0
2866,8.0
2867,8.0
2868,-2.0
2869,10.0
2870,-7.0
2871,8.0
2872,10.0
2873,8.0
2874,8.0
2875,8.0
2876,10.0
2877,7.0
2878,7.0
2879,8.0
2880,9.0
2881,2.0
2882,7.0
2883,0.0
2884,10.0
2885,3.0
2886,-4.0
2887,5.0
2888,7.0
2889,4.0
2890,10.0
2891,8.0
2892,9.0
2893,7.0
2894,4.0
2895,11.0
2896,13.0
2897,10.0
2898,5.0
2899,12.0
2900,12.0
2901,11.0
2902,13.0
2903,12.0
2904,5.0
2905,7.0
2906,8.0
2907,7.0
2908,8.0
2909,2.0
2910,4.0
2911,6.0
2912,4.0
2913,8.0
2914,8.0
2915,7.0
2916,9.0
2917,9.0
2918,11.0
2919,9.0
2920,4.0
2921,6.0
2922,5.0
2923,10.0
2924,6.0
2925,4.0
2926,6.0
2927,7.0
2928,13.0
2929,5.0
2930,10.0
2931,6.0
2932,5.0
2933,6.0
2934,8.0
2935,7.0
2936,7.0
2937,11.0
2938,5.0
2939,8.0
2940,11.0
2941,7.0
2942,4.0
2943,7.0
2944,6.0
2945,10.0
2946,7.0
2947,8.0
2948,10.0
2949,9.0
2950,9.0
2951,8.0
2952,5.0
2953,10.0
2954,9.0
2955,7.0
2956,10.0
2957,12.0
2958,5.0
2959,9.0
2960,6.0
2961,6.0
2962,10.0
2963,7.0
2964,8.0
2965,8.0
2966,5.0
2967,7.0
2968,9.0
2969,3.0
2970,6.0
2971,9.0
2972,3.0
2973,5.0
2974,7.0
2975,9.0
2976,5.0
2977,8.0
2978,-3.0
2979,4.0
2980,11.0
2981,15.0
2982,4.0
2983,11.0
2984,4.0
2985,12.0
2986,10.0
2987,9.0
2988,9.0
2989,7.0
2990,7.0
2991,7.0
2992,14.0
2993,6.0
2994,11.0
2995,4.0
2996,6.0
2997,11.0
2998,10.0
2999,8.0
3000,9.0
3001,13.0
3002,4.0
3003,8.0
3004,13.0
3005,12.0
3006,9.0
3007,7.0
3008,4.0
3009,7.0
3010,7.0
3011,0.0
3012,8.0
3013,6.0
3014,5.0
3015,5.0
3016,7.0
3017,8.0
3018,10.0
3019,12.0
3020,6.0
3021,7.0
3022,4.0
3023,8.0
3024,8.0
3025,7.0
3026,10.0
3027,7.0
3028,5.0
3029,4.0
3030,6.0
3031,8.0
3032,11.0
3033,8.0
3034,6.0
3035,7.0
3036,9.0
3037,9.0
3038,-6.0
3039,8.0
3040,6.0
3041,10.0
3042,6.0
3043,8.0
3044,3.0
3045,4.0
3046,13.0
3047,6.0
3048,6.0
3049,14.0
3050,7.0
3051,6.0
3052,2.0
3053,6.0
3054,5.0
3055,7.0
3056,14.0
3057,2.0
3058,-7.0
3059,6.0
3060,-7.0
3061,9.0
3062,14.0
3063,8.0
3064,5.0
3065,14.0
3066,11.0
3067,10.0
3068,8.0
3069,8.0
3070,10.0
3071,7.0
3072,6.0
3073,-5.0
3074,6.0
3075,5.0
3076,11.0
3077,12.0
3078,8.0
3079,10.0
3080,9.0
3081,9.0
3082,-2.0
3083,14.0
3084,10.0
3085,12.0
3086,5.0
3087,11.0
3088,13.0
3089,6.0
3090,7.0
3091,5.0
3092,5.0
3093,12.0
3094,11.0
3095,7.0
3096,3.0
3097,8.0
3098,5.0
3099,8.0
3100,8.0
3101,7.0
3102,5.0
3103,10.0
3104,11.0
3105,8.0
3106,-2.0
3107,7.0
3108,9.0
3109,6.0
3110,6.0
3111,5.0
3112,7.0
3113,8.0
3114,6.0
3115,4.0
3116,9.0
3117,11.0
3118,12.0
3119,7.0
3120,8.0
3121,5.0
3122,7.0
3123,7.0
3124,5.0
3125,5.0
3126,5.0
3127,15.0
3128,9.0
3129,11.0
3130,5.0
3131,7.0
3132,9.0
3133,10.0
3134,7.0
3135,6.0
3136,-5.0
3137,6.0
3138,5.0
3139,9.0
3140,6.0
3141,10.0
3142,13.0
3143,11.0
3144,5.0
3145,6.0
3146,6.0
3147,8.0
3148,11.0
3149,13.0
3150,7.0
3151,5.0
3152,5.0
3153,10.0
3154,10.0
3155,-3.0
3156,5.0
3157,10.0
3158,-1.0
3159,10.0
3160,7.0
3161,7.0
3162,7.0
3163,6.0
3164,12.0
3165,6.0
3166,11.0
3167,8.0
3168,6.0
3169,10.0
3170,11.0
3171,14.0
3172,10.0
3173,3.0
3174,9.0
3175,8.0
3176,12.0
3177,-1.0
3178,6.0
3179,7.0
3180,6.0
3181,8.0
3182,8.0
3183,6.0
3184,8.0
3185,10.0
3186,6.0
3187,8.0
3188,12.0
3189,9.0
3190,14.0
3191,5.0
3192,7.0
3193,6.0
3194,-6.0
3195,8.0
3196,8.0
3197,10.0
3198,4.0
3199,11.0
3200,9.0
3201,7.0
3202,8.0
3203,5.0
3204,5.0
3205,9.0
3206,9.0
3207,7.0
3208,5.0
3209,9.0
3210,8.0
3211,4.0
3212,10.0
3213,9.0
3214,12.0
3215,10.0
3216,5.0
3217,9.0
3218,7.0
3219,4.0
3220,5.0
3221,6.0
3222,6.0
3223,8.0
3224,8.0
3225,5.0
3226,7.0
3227,7.0
3228,-3.0
3229,3.0
3230,9.0
3231,5.0
3232,8.0
3233,7.0
3234,6.0
3235,12.0
3236,7.0
3237,8.0
3238,3.0
3239,4.0
3240,8.0
3241,9.0
3242,8.0
3243,8.0
3244,8.0
3245,11.0
3246,5.0
3247,7.0
3248,5.0
3249,9.0
3250,8.0
3251,8.0
3252,6.0
3253,3.0
3254,11.0
3255,12.0
3256,6.0
3257,14.0
3258,10.0
3259,6.0
3260,9.0
3261,8.0
3262,4.0
3263,11.0
3264,5.0
3265,8.0
3266,7.0
3267,8.0
3268,5.0
3269,13.0
3270,6.0
3271,5.0
3272,11.0
3273,13.0
3274,6.0
3275,4.0
3276,8.0
3277,9.0
3278,6.0
3279,5.0
3280,7.0
3281,9.0
3282,7.0
3283,12.0
3284,8.0
3285,10.0
3286,9.0
3287,5.0
3288,7.0
3289,8.0
3290,7.0
3291,4.0
3292,8.0
3293,4.0
3294,11.0
3295,8.0
3296,7.0
3297,5.0
3298,11.0
3299,7.0
3300,10.0
3301,6.0
3302,6.0
3303,6.0
3304,5.0
3305,10.0
3306,5.0
3307,8.0
3308,6.0
3309,-5.0
3310,7.0
3311,6.0
3312,6.0
3313,9.0
3314,13.0
3315,9.0
3316,5.0
3317,11.0
3318,7.0
3319,13.0
3320,4.0
3321,6.0
3322,6.0
3323,8.0
3324,4.0
3325,-1.0
3326,8.0
3327,5.0
3328,9.0
3329,7.0
3330,8.0
3331,8.0
3332,5.0
3333,5.0
3334,11.0
3335,8.0
3336,8.0
3337,7.0
3338,10.0
3339,7.0
3340,6.0
3341,6.0
3342,6.0
3343,9.0
3344,5.0
3345,15.0
3346,5.0
3347,4.0
3348,11.0
3349,7.0
3350,8.0
3351,6.0
3352,7.0
3353,11.0
3354,11.0
3355,8.0
3356,8.0
3357,9.0
3358,8.0
3359,9.0
3360,8.0
3361,9.0
3362,4.0
3363,6.0
3364,6.0
3365,9.0
3366,4.0
3367,7.0
3368,9.0
3369,9.0
3370,11.0
3371,-5.0
3372,4.0
3373,-4.0
3374,6.0
3375,5.0
3376,8.0
3377,9.0
3378,14.0
3379,10.0
3380,6.0
3381,12.0
3382,7.0
3383,11.0
3384,9.0
3385,9.0
3386,5.0
3387,-7.0
3388,7.0
3389,13.0
3390,-1.0
3391,8.0
3392,8.0
3393,-2.0
3394,-1.0
3395,-2.0
3396,5.0
3397,8.0
3398,7.0
3399,4.0
3400,4.0
3401,8.0
3402,6.0
3403,7.0
3404,6.0
3405,11.0
3406,6.0
3407,8.0
3408,12.0
3409,6.0
3410,-1.0
3411,7.0
3412,5.0
3413,10.0
3414,6.0
3415,3.0
3416,4.0
3417,5.0
3418,8.0
3419,8.0
3420,5.0
3421,7.0
3422,5.0
3423,10.0
3424,10.0
3425,12.0
3426,3.0
3427,14.0
3428,7.0
3429,8.0
3430,5.0
3431,11.0
3432,7.0
3433,8.0
3434,7.0
3435,-4.0
3436,10.0
3437,7.0
3438,5.0
3439,6.0
3440,7.0
3441,12.0
3442,11.0
3443,11.0
3444,7.0
3445,9.0
3446,9.0
3447,8.0
3448,8.0
3449,9.0
3450,7.0
3451,5.0
3452,8.0
3453,3.0
3454,6.0
3455,4.0
3456,8.0
3457,11.0
3458,8.0
3459,5.0
3460,12.0
3461,3.0
3462,8.0
3463,7.0
3464,7.0
3465,8.0
3466,9.0
3467,11.0
3468,10.0
3469,7.0
3470,8.0
3471,6.0
3472,8.0
3473,9.0
3474,7.0
3475,-6.0
3476,8.0
3477,13.0
3478,5.0
3479,6.0
3480,8.0
3481,11.0
3482,8.0
3483,3.0
3484,7.0
3485,11.0
3486,7.0
3487,5.0
3488,7.0
3489,6.0
3490,5.0
3491,6.0
3492,9.0
3493,11.0
3494,6.0
3495,8.0
3496,9.0
3497,5.0
3498,-2.0
3499,5.0
3500,9.0
3501,-1.0
3502,12.0
3503,9.0
3504,6.0
3505,9.0
3506,10.0
3507,5.0
3508,4.0
3509,4.0
3510,5.0
3511,12.0
3512,15.0
3513,6.0
3514,8.0
3515,12.0
3516,14.0
3517,8.0
3518,4.0
3519,9.0
3520,9.0
3521,4.0
3522,5.0
3523,8.0
3524,10.0
3525,8.0
3526,3.0
3527,9.0
3528,10.0
3529,4.0
3530,8.0
3531,6.0
3532,5.0
3533,11.0
3534,6.0
3535,6.0
3536,15.0
3537,5.0
3538,6.0
3539,9.0
3540,14.0
3541,4.0
3542,6.0
3543,10.0
3544,10.0
3545,7.0
3546,10.0
3547,11.0
3548,7.0
3549,9.0
3550,7.0
3551,5.0
3552,8.0
3553,14.0
3554,11.0
3555,12.0
3556,12.0
3557,7.0
3558,9.0
3559,8.0
3560,3.0
3561,12.0
3562,5.0
3563,3.0
3564,7.0
3565,8.0
3566,6.0
3567,9.0
3568,7.0
3569,12.0
3570,6.0
3571,-1.0
3572,5.0
3573,7.0
3574,4.0
3575,6.0
3576,5.0
3577,10.0
3578,5.0
3579,9.0
3580,15.0
3581,9.0
3582,5.0
3583,11.0
3584,5.0
3585,4.0
3586,9.0
3587,9.0
3588,6.0
3589,7.0
3590,5.0
3591,12.0
3592,6.0
3593,8.0
3594,11.0
3595,6.0
3596,7.0
3597,9.0
3598,3.0
3599,7.0
3600,5.0
3601,7.0
3602,11.0
3603,3.0
3604,7.0
3605,9.0
3606,7.0
3607,8.0
3608,6.0
3609,8.0
3610,8.0
3611,9.0
3612,11.0
3613,11.0
3614,11.0
3615,5.0
3616,10.0
3617,8.0
3618,7.0
3619,4.0
3620,10.0
3621,4.0
3622,7.0
3623,10.0
3624,9.0
3625,5.0
3626,10.0
3627,12.0
3628,10.0
3629,8.0
3630,8.0
3631,5.0
3632,7.0
3633,9.0
3634,3.0
3635,12.0
3636,5.0
3637,10.0
3638,5.0
3639,10.0
3640,5.0
3641,5.0
3642,6.0
3643,10.0
3644,7.0
3645,-5.0
3646,3.0
3647,12.0
3648,11.0
3649,5.0
3650,7.0
3651,9.0
3652,7.0
3653,10.0
3654,-1.0
3655,6.0
3656,6.0
3657,10.0
3658,6.0
3659,10.0
3660,4.0
3661,12.0
3662,7.0
3663,13.0
3664,8.0
3665,4.0
3666,4.0
3667,7.0
3668,10.0
3669,10.0
3670,7.0
3671,9.0
3672,3.0
3673,10.0
3674,7.0
3675,9.0
3676,9.0
3677,7.0
3678,5.0
3679,10.0
3680,8.0
3681,6.0
3682,13.0
3683,9.0
3684,11.0
3685,9.0
3686,6.0
3687,6.0
3688,10.0
3689,9.0
3690,-1.0
3691,7.0
3692,7.0
3693,11.0
3694,6.0
3695,5.0
3696,7.0
3697,9.0
3698,9.0
3699,11.0
3700,11.0
3701,7.0
3702,8.0
3703,3.0
3704,3.0
3705,7.0
3706,6.0
3707,6.0
3708,9.0
3709,6.0
3710,10.0
3711,7.0
3712,10.0
3713,5.0
3714,11.0
3715,11.0
3716,0.0
3717,10.0
3718,13.0
3719,8.0
3720,7.0
3721,10.0
3722,8.0
3723,7.0
3724,5.0
3725,5.0
3726,7.0
3727,10.0
3728,8.0
3729,7.0
3730,11.0
3731,8.0
3732,9.0
3733,7.0
3734,7.0
3735,6.0
3736,5.0
3737,7.0
3738,5.0
3739,8.0
3740,6.0
3741,3.0
3742,9.0
3743,6.0
3744,10.0
3745,9.0
3746,5.0
3747,7.0
3748,5.0
3749,4.0
3750,10.0
3751,8.0
3752,9.0
3753,4.0
3754,12.0
3755,5.0
3756,6.0
3757,10.0
3758,5.0
3759,3.0
3760,9.0
3761,9.0
3762,8.0
3763,5.0
3764,9.0
3765,7.0
3766,5.0
3767,9.0
3768,0.0
3769,8.0
3770,6.0
3771,10.0
3772,9.0
3773,6.0
3774,8.0
3775,10.0
3776,8.0
3777,3.0
3778,-3.0
3779,-3.0
3780,6.0
3781,5.0
3782,10.0
3783,14.0
3784,5.0
3785,5.0
3786,8.0
3787,4.0
3788,5.0
3789,11.0
3790,9.0
3791,10.0
3792,5.0
3793,8.0
3794,6.0
3795,9.0
3796,9.0
3797,6.0
3798,8.0
3799,8.0
3800,10.0
3801,5.0
3802,9.0
3803,5.0
3804,15.0
3805,7.0
3806,6.0
3807,4.0
3808,13.0
3809,10.0
3810,9.0
3811,10.0
3812,7.0
3813,7.0
3814,6.0
3815,9.0
3816,15.0
3817,6.0
3818,5.0
3819,11.0
3820,5.0
3821,7.0
3822,4.0
3823,7.0
3824,10.0
3825,13.0
3826,7.0
3827,12.0
3828,2.0
3829,10.0
3830,10.0
3831,-3.0
3832,7.0
3833,9.0
3834,10.0
3835,9.0
3836,7.0
3837,7.0
3838,6.0
3839,9.0
3840,12.0
3841,11.0
3842,11.0
3843,10.0
3844,7.0
3845,7.0
3846,8.0
3847,8.0
3848,8.0
3849,15.0
3850,14.0
3851,10.0
3852,11.0
3853,4.0
3854,12.0
3855,10.0
3856,10.0
3857,6.0
3858,7.0
3859,12.0
3860,7.0
3861,5.0
3862,6.0
3863,9.0
3864,8.0
3865,7.0
3866,6.0
3867,7.0
3868,9.0
3869,7.0
3870,11.0
3871,8.0
3872,6.0
3873,9.0
3874,8.0
3875,3.0
3876,11.0
3877,4.0
3878,8.0
3879,8.0
3880,7.0
3881,9.0
3882,4.0
3883,-5.0
3884,8.0
3885,4.0
3886,9.0
3887,5.0
3888,7.0
3889,5.0
3890,8.0
3891,10.0
3892,6.0
3893,7.0
3894,5.0
3895,7.0
3896,11.0
3897,9.0
3898,3.0
3899,11.0
3900,9.0
3901,6.0
3902,5.0
3903,11.0
3904,12.0
3905,8.0
3906,8.0
3907,5.0
3908,10.0
3909,2.0
3910,13.0
3911,7.0
3912,10.0
3913,5.0
3914,10.0
3915,7.0
3916,10.0
3917,7.0
3918,9.0
3919,9.0
3920,11.0
3921,4.0
3922,6.0
3923,14.0
3924,12.0
3925,9.0
3926,11.0
3927,8.0
3928,5.0
3929,8.0
3930,7.0
3931,12.0
3932,5.0
3933,3.0
3934,6.0
3935,10.0
3936,6.0
3937,7.0
3938,6.0
3939,8.0
3940,10.0
3941,11.0
3942,5.0
3943,4.0
3944,9.0
3945,8.0
3946,3.0
3947,3.0
3948,9.0
3949,12.0
3950,7.0
3951,5.0
3952,5.0
3953,10.0
3954,7.0
3955,7.0
3956,7.0
3957,5.0
3958,-5.0
3959,9.0
3960,10.0
3961,12.0
3962,6.0
3963,7.0
3964,8.0
3965,8.0
3966,5.0
3967,7.0
3968,4.0
3969,14.0
3970,-6.0
3971,7.0
3972,6.0
3973,6.0
3974,7.0
3975,7.0
3976,-6.0
3977,10.0
3978,5.0
3979,13.0
3980,6.0
3981,9.0
3982,-4.0
3983,7.0
3984,4.0
3985,10.0
3986,13.0
3987,12.0
3988,12.0
3989,9.0
3990,7.0
3991,5.0
3992,6.0
3993,6.0
3994,7.0
3995,5.0
3996,5.0
3997,4.0
3998,6.0
3999,8.0
4000,5.0
4001,7.0
4002,3.0
4003,7.0
4004,8.0
4005,11.0
4006,9.0
4007,3.0
4008,6.0
4009,5.0
4010,9.0
4011,13.0
4012,6.0
4013,7.0
4014,6.0
4015,7.0
4016,4.0
4017,10.0
4018,10.0
4019,11.0
4020,7.0
4021,-5.0
4022,5.0
4023,9.0
4024,10.0
4025,13.0
4026,9.0
4027,3.0
4028,5.0
4029,14.0
4030,7.0
4031,5.0
4032,7.0
4033,7.0
4034,6.0
4035,6.0
4036,6.0
4037,9.0
4038,9.0
4039,4.0
4040,8.0
4041,14.0
4042,15.0
4043,5.0
4044,8.0
4045,4.0
4046,11.0
4047,7.0
4048,6.0
4049,3.0
4050,7.0
4051,5.0
4052,10.0
4053,7.0
4054,10.0
4055,9.0
4056,14.0
4057,8.0
4058,10.0
4059,10.0
4060,7.0
4061,9.0
4062,10.0
4063,7.0
4064,6.0
4065,9.0
4066,6.0
4067,13.0
4068,8.0
4069,13.0
4070,10.0
4071,7.0
4072,8.0
4073,10.0
4074,9.0
4075,7.0
4076,3.0
4077,8.0
4078,8.0
4079,12.0
4080,7.0
4081,11.0
4082,4.0
4083,12.0
4084,5.0
4085,8.0
4086,9.0
4087,11.0
4088,3.0
4089,14.0
4090,10.0
4091,-1.0
4092,5.0
4093,12.0
4094,11.0
4095,12.0
4096,9.0
4097,14.0
4098,7.0
4099,8.0
4100,10.0
4101,9.0
4102,10.0
4103,8.0
4104,7.0
4105,11.0
4106,9.0
4107,7.0
4108,7.0
4109,11.0
4110,9.0
4111,5.0
4112,3.0
4113,6.0
4114,10.0
4115,10.0
4116,5.0
4117,12.0
4118,7.0
4119,8.0
4120,4.0
4121,5.0
4122,9.0
4123,3.0
4124,7.0
4125,10.0
4126,9.0
4127,11.0
4128,7.0
4129,4.0
4130,-3.0
4131,9.0
4132,3.0
4133,8.0
4134,8.0
4135,11.0
4136,13.0
4137,4.0
4138,8.0
4139,9.0
4140,3.0
4141,5.0
4142,10.0
4143,5.0
4144,8.0
4145,8.0
4146,9.0
4147,10.0
4148,10.0
4149,13.0
4150,6.0
4151,7.0
4152,8.0
4153,5.0
4154,8.0
4155,6.0
4156,7.0
4157,7.0
4158,4.0
4159,-2.0
4160,4.0
4161,10.0
4162,7.0
4163,8.0
4164,7.0
4165,5.0
4166,10.0
4167,8.0
4168,6.0
4169,14.0
4170,9.0
4171,9.0
4172,3.0
4173,9.0
4174,15.0
4175,10.0
4176,8.0
4177,11.0
4178,9.0
4179,8.0
4180,7.0
4181,11.0
4182,11.0
4183,11.0
4184,10.0
4185,7.0
4186,6.0
4187,7.0
4188,5.0
4189,11.0
4190,6.0
4191,10.0
4192,5.0
4193,8.0
4194,10.0
4195,11.0
4196,6.0
4197,8.0
4198,6.0
4199,7.0
4200,7.0
4201,5.0
4202,11.0
4203,3.0
4204,7.0
4205,5.0
4206,10.0
4207,3.0
4208,8.0
4209,5.0
4210,7.0
4211,5.0
4212,7.0
4213,11.0
4214,4.0
4215,5.0
4216,13.0
4217,5.0
4218,10.0
4219,6.0
4220,8.0
4221,9.0
4222,8.0
4223,5.0
4224,13.0
4225,6.0
4226,12.0
4227,8.0
4228,4.0
4229,11.0
4230,8.0
4231,10.0
4232,7.0
4233,4.0
4234,5.0
4235,8.0
4236,5.0
4237,5.0
4238,9.0
4239,5.0
4240,5.0
4241,12.0
4242,8.0
4243,9.0
4244,9.0
4245,8.0
4246,4.0
4247,8.0
4248,-5.0
4249,7.0
4250,4.0
4251,8.0
4252,10.0
4253,6.0
4254,9.0
4255,-2.0
4256,13.0
4257,12.0
4258,5.0
4259,6.0
4260,9.0
4261,12.0
4262,8.0
4263,6.0
4264,4.0
4265,7.0
4266,8.0
4267,4.0
4268,7.0
4269,12.0
4270,14.0
4271,5.0
4272,11.0
4273,4.0
4274,12.0
4275,12.0
4276,11.0
4277,11.0
4278,6.0
4279,4.0
4280,8.0
4281,5.0
4282,-3.0
4283,5.0
4284,8.0
4285,13.0
4286,8.0
4287,9.0
4288,5.0
4289,9.0
4290,5.0
4291,9.0
4292,12.0
4293,7.0
4294,4.0
4295,8.0
4296,5.0
4297,8.0
4298,10.0
4299,8.0
4300,6.0
4301,10.0
4302,5.0
4303,8.0
4304,13.0
4305,5.0
4306,5.0
4307,5.0
4308,8.0
4309,10.0
4310,9.0
4311,9.0
4312,-4.0
4313,8.0
4314,8.0
4315,7.0
4316,3.0
4317,7.0
4318,7.0
4319,10.0
4320,13.0
4321,7.0
4322,6.0
4323,3.0
4324,3.0
4325,7.0
4326,6.0
4327,4.0
4328,3.0
4329,4.0
4330,8.0
4331,6.0
4332,7.0
4333,9.0
4334,10.0
4335,4.0
4336,8.0
4337,8.0
4338,5.0
4339,12.0
4340,9.0
4341,6.0
4342,5.0
4343,10.0
4344,3.0
4345,5.0
4346,6.0
4347,6.0
4348,9.0
4349,9.0
4350,11.0
4351,5.0
4352,9.0
4353,8.0
4354,13.0
4355,10.0
4356,7.0
4357,9.0
4358,8.0
4359,8.0
4360,9.0
4361,9.0
4362,10.0
4363,5.0
4364,10.0
4365,9.0
4366,11.0
4367,11.0
4368,10.0
4369,6.0
4370,3.0
4371,7.0
4372,4.0
4373,9.0
4374,8.0
4375,13.0
4376,10.0
4377,5.0
4378,4.0
4379,7.0
4380,4.0
4381,9.0
4382,8.0
4383,7.0
4384,4.0
4385,3.0
4386,7.0
4387,11.0
4388,10.0
4389,4.0
4390,13.0
4391,7.0
4392,4.0
4393,11.0
4394,7.0
4395,-2.0
4396,8.0
4397,9.0
4398,4.0
4399,5.0
4400,6.0
4401,6.0
4402,4.0
4403,5.0
4404,10.0
4405,4.0
4406,11.0
4407,5.0
4408,9.0
4409,5.0
4410,10.0
4411,9.0
4412,11.0
4413,9.0
4414,7.0
4415,7.0
4416,9.0
4417,6.0
4418,10.0
4419,9.0
4420,9.0
4421,10.0
4422,4.0
4423,9.0
4424,11.0
4425,4.0
4426,13.0
4427,9.0
4428,8.0
4429,11.0
4430,10.0
4431,3.0
4432,14.0
4433,10.0
4434,6.0
4435,3.0
4436,5.0
4437,5.0
4438,5.0
4439,10.0
4440,7.0
4441,3.0
4442,4.0
4443,9.0
4444,7.0
4445,5.0
4446,11.0
4447,10.0
4448,8.0
4449,6.0
4450,6.0
4451,6.0
4452,8.0
4453,6.0
4454,6.0
4455,10.0
4456,6.0
4457,5.0
4458,9.0
4459,6.0
4460,12.0
4461,6.0
4462,4.0
4463,7.0
4464,1.0
4465,8.0
4466,5.0
4467,5.0
4468,12.0
4469,10.0
4470,11.0
4471,5.0
4472,1.0
4473,10.0
4474,9.0
4475,11.0
4476,10.0
4477,9.0
4478,10.0
4479,6.0
4480,15.0
4481,-3.0
4482,8.0
4483,9.0
4484,1.0
4485,3.0
4486,9.0
4487,11.0
4488,6.0
4489,8.0
4490,9.0
4491,-2.0
4492,8.0
4493,12.0
4494,10.0
4495,6.0
4496,6.0
4497,11.0
4498,7.0
4499,8.0
4500,9.0
4501,8.0
4502,10.0
4503,8.0
4504,4.0
4505,12.0
4506,4.0
4507,12.0
4508,7.0
4509,8.0
4510,10.0
4511,6.0
4512,10.0
4513,11.0
4514,11.0
4515,10.0
4516,7.0
4517,4.0
4518,8.0
4519,9.0
4520,13.0
4521,11.0
4522,11.0
4523,5.0
4524,5.0
4525,10.0
4526,10.0
4527,12.0
4528,4.0
4529,9.0
4530,9.0
4531,7.0
4532,9.0
4533,9.0
4534,10.0
4535,10.0
4536,12.0
4537,5.0
4538,4.0
4539,9.0
4540,9.0
4541,6.0
4542,7.0
4543,8.0
4544,5.0
4545,8.0
4546,11.0
4547,7.0
4548,5.0
4549,6.0
4550,9.0
4551,8.0
4552,7.0
4553,7.0
4554,10.0
4555,-7.0
4556,5.0
4557,13.0
4558,8.0
4559,9.0
4560,6.0
4561,11.0
4562,11.0
4563,1.0
4564,9.0
4565,10.0
4566,6.0
4567,13.0
4568,9.0
4569,11.0
4570,8.0
4571,12.0
4572,10.0
4573,11.0
4574,7.0
4575,10.0
4576,8.0
4577,10.0
4578,5.0
4579,5.0
4580,8.0
4581,11.0
4582,12.0
4583,7.0
4584,6.0
4585,6.0
4586,8.0
4587,10.0
4588,6.0
4589,6.0
4590,7.0
4591,8.0
4592,-4.0
4593,9.0
4594,7.0
4595,11.0
4596,8.0
4597,8.0
4598,10.0
4599,12.0
4600,9.0
4601,7.0
4602,7.0
4603,7.0
4604,9.0
4605,12.0
4606,5.0
4607,6.0
4608,6.0
4609,6.0
4610,10.0
4611,6.0
4612,5.0
4613,5.0
4614,5.0
4615,12.0
4616,5.0
4617,7.0
4618,7.0
4619,8.0
4620,8.0
4621,3.0
4622,7.0
4623,8.0
4624,6.0
4625,5.0
4626,2.0
4627,10.0
4628,-7.0
4629,10.0
4630,10.0
4631,8.0
4632,12.0
4633,7.0
4634,11.0
4635,5.0
4636,9.0
4637,11.0
4638,14.0
4639,12.0
4640,6.0
4641,9.0
4642,12.0
4643,6.0
4644,7.0
4645,6.0
4646,6.0
4647,6.0
4648,11.0
4649,11.0
4650,6.0
4651,10.0
4652,8.0
4653,4.0
4654,7.0
4655,9.0
4656,4.0
4657,10.0
4658,10.0
4659,7.0
4660,9.0
4661,5.0
4662,7.0
4663,9.0
4664,12.0
4665,8.0
4666,7.0
4667,7.0
4668,8.0
4669,7.0
4670,10.0
4671,7.0
4672,7.0
4673,3.0
4674,7.0
4675,14.0
4676,7.0
4677,15.0
4678,7.0
4679,6.0
4680,5.0
4681,9.0
4682,7.0
4683,10.0
4684,10.0
4685,7.0
4686,10.0
4687,4.0
4688,11.0
4689,7.0
4690,4.0
4691,5.0
4692,12.0
4693,5.0
4694,11.0
4695,11.0
4696,6.0
4697,11.0
4698,10.0
4699,7.0
4700,5.0
4701,12.0
4702,5.0
4703,9.0
4704,9.0
4705,1.0
4706,4.0
4707,8.0
4708,10.0
4709,10.0
4710,7.0
4711,9.0
4712,5.0
4713,8.0
4714,5.0
4715,4.0
4716,8.0
4717,7.0
4718,9.0
4719,11.0
4720,5.0
4721,5.0
4722,5.0
4723,6.0
4724,9.0
4725,13.0
4726,3.0
4727,7.0
4728,10.0
4729,7.0
4730,7.0
4731,9.0
4732,8.0
4733,9.0
4734,10.0
4735,5.0
4736,8.0
4737,2.0
4738,8.0
4739,9.0
4740,-3.0
4741,4.0
4742,5.0
4743,3.0
4744,9.0
4745,9.0
4746,4.0
4747,12.0
4748,7.0
4749,9.0
4750,12.0
4751,5.0
4752,8.0
4753,3.0
4754,8.0
4755,9.0
4756,9.0
4757,9.0
4758,5.0
4759,12.0
4760,5.0
4761,4.0
4762,7.0
4763,10.0
4764,11.0
4765,9.0
4766,5.0
4767,2.0
4768,9.0
4769,8.0
4770,10.0
4771,13.0
4772,12.0
4773,12.0
4774,7.0
4775,8.0
4776,8.0
4777,10.0
4778,11.0
4779,10.0
4780,5.0
4781,7.0
4782,10.0
4783,6.0
4784,6.0
4785,8.0
4786,7.0
4787,10.0
4788,9.0
4789,10.0
4790,4.0
4791,10.0
4792,3.0
4793,7.0
4794,10.0
4795,8.0
4796,10.0
4797,4.0
4798,6.0
4799,6.0
4800,9.0
4801,11.0
4802,8.0
4803,8.0
4804,9.0
4805,3.0
4806,6.0
4807,7.0
4808,8.0
4809,12.0
4810,-7.0
4811,11.0
4812,11.0
4813,11.0
4814,4.0
4815,5.0
4816,6.0
4817,6.0
4818,12.0
4819,10.0
4820,10.0
4821,9.0
4822,9.0
4823,8.0
4824,8.0
4825,-4.0
4826,14.0
4827,9.0
4828,7.0
4829,6.0
4830,7.0
4831,8.0
4832,7.0
4833,8.0
4834,4.0
4835,7.0
4836,7.0
4837,4.0
4838,-13.0
4839,10.0
4840,10.0
4841,8.0
4842,6.0
4843,7.0
4844,9.0
4845,5.0
4846,9.0
4847,6.0
4848,7.0
4849,5.0
4850,-7.0
4851,3.0
4852,5.0
4853,6.0
4854,9.0
4855,9.0
4856,7.0
4857,5.0
4858,6.0
4859,6.0
4860,7.0
4861,9.0
4862,9.0
4863,10.0
4864,7.0
4865,9.0
4866,5.0
4867,10.0
4868,8.0
4869,0.0
4870,9.0
4871,4.0
4872,5.0
4873,6.0
4874,8.0
4875,-1.0
4876,9.0
4877,5.0
4878,4.0
4879,5.0
4880,11.0
4881,10.0
4882,7.0
4883,4.0
4884,10.0
4885,13.0
4886,14.0
4887,9.0
4888,7.0
4889,13.0
4890,4.0
4891,8.0
4892,8.0
4893,7.0
4894,-1.0
4895,14.0
4896,8.0
4897,4.0
4898,12.0
4899,8.0
4900,10.0
4901,7.0
4902,11.0
4903,11.0
4904,10.0
4905,7.0
4906,4.0
4907,8.0
4908,9.0
4909,7.0
4910,9.0
4911,10.0
4912,11.0
4913,10.0
4914,5.0
4915,7.0
4916,13.0
4917,8.0
4918,9.0
4919,11.0
4920,-6.0
4921,6.0
4922,10.0
4923,8.0
4924,7.0
4925,8.0
4926,8.0
4927,5.0
4928,4.0
4929,3.0
4930,4.0
4931,6.0
4932,8.0
4933,10.0
4934,3.0
4935,3.0
4936,1.0
4937,8.0
4938,11.0
4939,10.0
4940,8.0
4941,7.0
4942,5.0
4943,9.0
4944,9.0
4945,7.0
4946,5.0
4947,10.0
4948,8.0
4949,8.0
4950,11.0
4951,7.0
4952,5.0
4953,9.0
4954,9.0
4955,4.0
4956,8.0
4957,7.0
4958,8.0
4959,4.0
4960,8.0
4961,5.0
4962,11.0
4963,6.0
4964,6.0
4965,5.0
4966,9.0
4967,9.0
4968,3.0
4969,9.0
4970,7.0
4971,9.0
4972,7.0
4973,7.0
4974,7.0
4975,10.0
4976,8.0
4977,10.0
4978,6.0
4979,10.0
4980,5.0
4981,5.0
4982,8.0
4983,4.0
4984,5.0
4985,9.0
4986,7.0
4987,9.0
4988,5.0
4989,10.0
4990,8.0
4991,11.0
4992,12.0
4993,8.0
4994,8.0
4995,10.0
4996,5.0
4997,6.0
4998,8.0
4999,7.0
